index,dominant_lang,russian_type,construction_type,selected_number
1,finnish,heritage,numeral_construction,sg
2,finnish,heritage,numeral_construction,sg
3,finnish,heritage,numeral_construction,sg
4,finnish,heritage,numeral_construction,sg
5,finnish,heritage,numeral_construction,sg
6,finnish,heritage,numeral_construction,sg
7,finnish,heritage,numeral_construction,sg
8,finnish,heritage,numeral_construction,sg
9,finnish,heritage,numeral_construction,sg
10,finnish,heritage,numeral_construction,sg
11,finnish,heritage,numeral_construction,sg
12,finnish,heritage,numeral_construction,sg
13,finnish,heritage,numeral_construction,sg
14,finnish,heritage,numeral_construction,sg
15,finnish,heritage,numeral_construction,pl
16,finnish,heritage,numeral_construction,pl
17,finnish,heritage,numeral_construction,pl
18,finnish,heritage,numeral_construction,pl
19,finnish,heritage,numeral_construction,pl
20,finnish,heritage,numeral_construction,pl
21,english,heritage,numeral_construction,sg
22,english,heritage,numeral_construction,sg
23,english,heritage,numeral_construction,sg
24,english,heritage,numeral_construction,sg
25,english,heritage,numeral_construction,sg
26,english,heritage,numeral_construction,sg
27,english,heritage,numeral_construction,sg
28,english,heritage,numeral_construction,sg
29,english,heritage,numeral_construction,sg
30,english,heritage,numeral_construction,sg
31,english,heritage,numeral_construction,sg
32,english,heritage,numeral_construction,sg
33,english,heritage,numeral_construction,sg
34,english,heritage,numeral_construction,sg
35,english,heritage,numeral_construction,sg
36,english,heritage,numeral_construction,sg
37,english,heritage,numeral_construction,sg
38,english,heritage,numeral_construction,sg
39,english,heritage,numeral_construction,sg
40,english,heritage,numeral_construction,sg
41,english,heritage,numeral_construction,sg
42,english,heritage,numeral_construction,sg
43,english,heritage,numeral_construction,sg
44,english,heritage,numeral_construction,sg
45,english,heritage,numeral_construction,sg
46,english,heritage,numeral_construction,sg
47,english,heritage,numeral_construction,sg
48,english,heritage,numeral_construction,sg
49,english,heritage,numeral_construction,sg
50,english,heritage,numeral_construction,sg
51,english,heritage,numeral_construction,sg
52,english,heritage,numeral_construction,sg
53,english,heritage,numeral_construction,sg
54,english,heritage,numeral_construction,sg
55,english,heritage,numeral_construction,sg
56,english,heritage,numeral_construction,sg
57,english,heritage,numeral_construction,sg
58,english,heritage,numeral_construction,sg
59,english,heritage,numeral_construction,pl
60,english,heritage,numeral_construction,pl
61,english,heritage,numeral_construction,pl
62,english,heritage,numeral_construction,pl
63,english,heritage,numeral_construction,pl
64,english,heritage,numeral_construction,pl
65,english,heritage,numeral_construction,pl
66,english,heritage,numeral_construction,pl
67,english,heritage,numeral_construction,pl
68,english,heritage,numeral_construction,pl
69,english,heritage,numeral_construction,pl
70,english,heritage,numeral_construction,pl
71,english,heritage,numeral_construction,pl
72,english,heritage,numeral_construction,pl
73,english,heritage,numeral_construction,pl
74,english,heritage,numeral_construction,pl
75,english,heritage,numeral_construction,pl
76,english,heritage,numeral_construction,pl
77,finnish,heritage,majority,sg
78,finnish,heritage,majority,sg
79,finnish,heritage,majority,sg
80,finnish,heritage,majority,sg
81,finnish,heritage,majority,sg
82,finnish,heritage,majority,sg
83,finnish,heritage,majority,sg
84,finnish,heritage,majority,pl
85,finnish,heritage,majority,pl
86,finnish,heritage,majority,pl
87,english,heritage,majority,sg
88,english,heritage,majority,sg
89,english,heritage,majority,sg
90,english,heritage,majority,sg
91,english,heritage,majority,sg
92,english,heritage,majority,sg
93,english,heritage,majority,sg
94,english,heritage,majority,sg
95,english,heritage,majority,sg
96,english,heritage,majority,sg
97,english,heritage,majority,sg
98,english,heritage,majority,sg
99,english,heritage,majority,sg
100,english,heritage,majority,sg
101,english,heritage,majority,sg
102,english,heritage,majority,sg
103,english,heritage,majority,sg
104,english,heritage,majority,sg
105,english,heritage,majority,sg
106,english,heritage,majority,sg
107,english,heritage,majority,sg
108,english,heritage,majority,sg
109,english,heritage,majority,sg
110,english,heritage,majority,sg
111,english,heritage,majority,sg
112,english,heritage,majority,sg
113,english,heritage,majority,sg
114,english,heritage,majority,sg
115,english,heritage,majority,sg
116,english,heritage,majority,sg
117,english,heritage,majority,sg
118,english,heritage,majority,sg
119,english,heritage,majority,sg
120,english,heritage,majority,sg
121,english,heritage,majority,sg
122,english,heritage,majority,sg
123,english,heritage,majority,sg
124,english,heritage,majority,sg
125,english,heritage,majority,sg
126,english,heritage,majority,sg
127,english,heritage,majority,sg
128,english,heritage,majority,sg
129,english,heritage,majority,sg
130,english,heritage,majority,sg
131,english,heritage,majority,sg
132,english,heritage,majority,sg
133,english,heritage,majority,sg
134,english,heritage,majority,sg
135,english,heritage,majority,sg
136,english,heritage,majority,sg
137,english,heritage,majority,pl
138,english,heritage,majority,pl
139,english,heritage,majority,pl
140,english,heritage,majority,pl
141,english,heritage,majority,pl
142,english,heritage,majority,pl
143,english,heritage,majority,pl
144,english,heritage,majority,pl
145,english,heritage,majority,pl
146,english,heritage,majority,pl
147,english,heritage,majority,pl
148,english,heritage,majority,pl
149,english,heritage,majority,pl
150,english,heritage,majority,pl
151,english,heritage,majority,pl
152,english,heritage,majority,pl
153,english,heritage,majority,pl
154,english,heritage,majority,pl
155,english,heritage,majority,pl
156,english,heritage,majority,pl
157,english,heritage,majority,pl
158,english,heritage,majority,pl
159,english,heritage,majority,pl
160,english,heritage,majority,pl
161,finnish,heritage,percent,sg
162,finnish,heritage,percent,pl
163,finnish,heritage,percent,pl
164,english,heritage,percent,sg
165,english,heritage,percent,sg
166,english,heritage,percent,sg
167,english,heritage,percent,sg
168,english,heritage,percent,sg
169,english,heritage,percent,sg
170,english,heritage,percent,pl
171,english,heritage,percent,pl
172,english,heritage,percent,pl
173,english,heritage,percent,pl
174,finnish,heritage,some,sg
175,finnish,heritage,some,pl
176,finnish,heritage,some,pl
177,finnish,heritage,some,pl
178,finnish,heritage,some,pl
179,finnish,heritage,some,pl
180,finnish,heritage,some,pl
181,finnish,heritage,some,pl
182,finnish,heritage,some,pl
183,english,heritage,some,sg
184,english,heritage,some,sg
185,english,heritage,some,sg
186,english,heritage,some,sg
187,english,heritage,some,sg
188,english,heritage,some,sg
189,english,heritage,some,sg
190,english,heritage,some,sg
191,english,heritage,some,sg
192,english,heritage,some,sg
193,english,heritage,some,sg
194,english,heritage,some,sg
195,english,heritage,some,pl
196,english,heritage,some,pl
197,english,heritage,some,pl
198,english,heritage,some,pl
199,english,heritage,some,pl
200,english,heritage,some,pl
201,english,heritage,some,pl
202,english,heritage,some,pl
203,english,heritage,some,pl
204,english,heritage,some,pl
205,english,heritage,some,pl
206,english,heritage,some,pl
207,english,heritage,some,pl
208,english,heritage,some,pl
209,finnish,heritage,avg_many_little,sg
210,finnish,heritage,avg_many_little,sg
211,finnish,heritage,avg_many_little,sg
212,finnish,heritage,avg_many_little,sg
213,finnish,heritage,avg_many_little,sg
214,finnish,heritage,avg_many_little,sg
215,finnish,heritage,avg_many_little,sg
216,finnish,heritage,avg_many_little,sg
217,finnish,heritage,avg_many_little,pl
218,finnish,heritage,avg_many_little,pl
219,finnish,heritage,avg_many_little,pl
220,finnish,heritage,avg_many_little,pl
221,finnish,heritage,avg_many_little,pl
222,finnish,heritage,avg_many_little,pl
223,finnish,heritage,avg_many_little,pl
224,finnish,heritage,avg_many_little,pl
225,finnish,heritage,avg_many_little,pl
226,finnish,heritage,avg_many_little,pl
227,finnish,heritage,avg_many_little,pl
228,finnish,heritage,avg_many_little,pl
229,finnish,heritage,avg_many_little,pl
230,finnish,heritage,avg_many_little,pl
231,finnish,heritage,avg_many_little,pl
232,finnish,heritage,avg_many_little,pl
233,finnish,heritage,avg_many_little,pl
234,finnish,heritage,avg_many_little,pl
235,finnish,heritage,avg_many_little,pl
236,finnish,heritage,avg_many_little,pl
237,finnish,heritage,avg_many_little,pl
238,finnish,heritage,avg_many_little,pl
239,finnish,heritage,avg_many_little,pl
240,finnish,heritage,avg_many_little,pl
241,finnish,heritage,avg_many_little,pl
242,finnish,heritage,avg_many_little,pl
243,finnish,heritage,avg_many_little,pl
244,finnish,heritage,avg_many_little,pl
245,finnish,heritage,avg_many_little,pl
246,finnish,heritage,avg_many_little,pl
247,finnish,heritage,avg_many_little,pl
248,english,heritage,avg_many_little,sg
249,english,heritage,avg_many_little,sg
250,english,heritage,avg_many_little,sg
251,english,heritage,avg_many_little,sg
252,english,heritage,avg_many_little,sg
253,english,heritage,avg_many_little,sg
254,english,heritage,avg_many_little,sg
255,english,heritage,avg_many_little,sg
256,english,heritage,avg_many_little,sg
257,english,heritage,avg_many_little,sg
258,english,heritage,avg_many_little,sg
259,english,heritage,avg_many_little,sg
260,english,heritage,avg_many_little,sg
261,english,heritage,avg_many_little,sg
262,english,heritage,avg_many_little,sg
263,english,heritage,avg_many_little,sg
264,english,heritage,avg_many_little,sg
265,english,heritage,avg_many_little,sg
266,english,heritage,avg_many_little,sg
267,english,heritage,avg_many_little,sg
268,english,heritage,avg_many_little,sg
269,english,heritage,avg_many_little,sg
270,english,heritage,avg_many_little,sg
271,english,heritage,avg_many_little,sg
272,english,heritage,avg_many_little,sg
273,english,heritage,avg_many_little,sg
274,english,heritage,avg_many_little,sg
275,english,heritage,avg_many_little,sg
276,english,heritage,avg_many_little,sg
277,english,heritage,avg_many_little,sg
278,english,heritage,avg_many_little,sg
279,english,heritage,avg_many_little,sg
280,english,heritage,avg_many_little,sg
281,english,heritage,avg_many_little,sg
282,english,heritage,avg_many_little,pl
283,english,heritage,avg_many_little,pl
284,english,heritage,avg_many_little,pl
285,english,heritage,avg_many_little,pl
286,english,heritage,avg_many_little,pl
287,english,heritage,avg_many_little,pl
288,english,heritage,avg_many_little,pl
289,english,heritage,avg_many_little,pl
290,english,heritage,avg_many_little,pl
291,english,heritage,avg_many_little,pl
292,english,heritage,avg_many_little,pl
293,english,heritage,avg_many_little,pl
294,english,heritage,avg_many_little,pl
295,english,heritage,avg_many_little,pl
296,english,heritage,avg_many_little,pl
297,english,heritage,avg_many_little,pl
298,english,heritage,avg_many_little,pl
299,english,heritage,avg_many_little,pl
300,english,heritage,avg_many_little,pl
301,english,heritage,avg_many_little,pl
302,english,heritage,avg_many_little,pl
303,english,heritage,avg_many_little,pl
304,english,heritage,avg_many_little,pl
305,english,heritage,avg_many_little,pl
306,english,heritage,avg_many_little,pl
307,english,heritage,avg_many_little,pl
308,english,heritage,avg_many_little,pl
309,english,heritage,avg_many_little,pl
310,english,heritage,avg_many_little,pl
311,english,heritage,avg_many_little,pl
312,english,heritage,avg_many_little,pl
313,english,heritage,avg_many_little,pl
314,english,heritage,avg_many_little,pl
315,english,heritage,avg_many_little,pl
316,english,heritage,avg_many_little,pl
317,english,heritage,avg_many_little,pl
318,english,heritage,avg_many_little,pl
319,english,heritage,avg_many_little,pl
320,english,heritage,avg_many_little,pl
321,english,heritage,avg_many_little,pl
322,english,heritage,avg_many_little,pl
323,english,heritage,avg_many_little,pl
324,english,heritage,avg_many_little,pl
325,english,heritage,avg_many_little,pl
326,english,heritage,avg_many_little,pl
327,english,heritage,avg_many_little,pl
328,english,heritage,avg_many_little,pl
329,english,heritage,avg_many_little,pl
330,english,heritage,avg_many_little,pl
331,english,heritage,avg_many_little,pl
332,english,heritage,avg_many_little,pl
333,english,heritage,avg_many_little,pl
334,english,heritage,avg_many_little,pl
335,english,heritage,avg_many_little,pl
336,english,heritage,avg_many_little,pl
337,english,heritage,avg_many_little,pl
338,english,heritage,avg_many_little,pl
339,english,heritage,avg_many_little,pl
340,english,heritage,avg_many_little,pl
341,english,heritage,avg_many_little,pl
342,english,heritage,avg_many_little,pl
343,english,heritage,avg_many_little,pl
344,english,heritage,avg_many_little,pl
345,english,heritage,avg_many_little,pl
346,english,heritage,avg_many_little,pl
347,english,heritage,avg_many_little,pl
348,english,heritage,avg_many_little,pl
349,english,heritage,avg_many_little,pl
350,english,heritage,avg_many_little,pl
351,english,heritage,avg_many_little,pl
352,english,heritage,avg_many_little,pl
353,english,heritage,avg_many_little,pl
354,english,heritage,avg_many_little,pl
355,english,heritage,avg_many_little,pl
356,english,heritage,avg_many_little,pl
357,english,heritage,avg_many_little,pl
358,english,heritage,avg_many_little,pl
359,english,heritage,avg_many_little,pl
360,english,heritage,avg_many_little,pl
361,finnish,studied,numeral_construction,sg
362,finnish,studied,numeral_construction,sg
363,finnish,studied,numeral_construction,sg
364,finnish,studied,numeral_construction,sg
365,finnish,studied,numeral_construction,sg
366,finnish,studied,numeral_construction,sg
367,finnish,studied,numeral_construction,sg
368,finnish,studied,numeral_construction,sg
369,finnish,studied,numeral_construction,sg
370,finnish,studied,numeral_construction,sg
371,finnish,studied,numeral_construction,sg
372,finnish,studied,numeral_construction,sg
373,finnish,studied,numeral_construction,sg
374,finnish,studied,numeral_construction,sg
375,finnish,studied,numeral_construction,sg
376,finnish,studied,numeral_construction,sg
377,finnish,studied,numeral_construction,sg
378,finnish,studied,numeral_construction,sg
379,finnish,studied,numeral_construction,sg
380,finnish,studied,numeral_construction,sg
381,finnish,studied,numeral_construction,sg
382,finnish,studied,numeral_construction,sg
383,finnish,studied,numeral_construction,sg
384,finnish,studied,numeral_construction,sg
385,finnish,studied,numeral_construction,sg
386,finnish,studied,numeral_construction,sg
387,finnish,studied,numeral_construction,sg
388,finnish,studied,numeral_construction,sg
389,finnish,studied,numeral_construction,sg
390,finnish,studied,numeral_construction,sg
391,finnish,studied,numeral_construction,sg
392,finnish,studied,numeral_construction,sg
393,finnish,studied,numeral_construction,sg
394,finnish,studied,numeral_construction,sg
395,finnish,studied,numeral_construction,sg
396,finnish,studied,numeral_construction,sg
397,finnish,studied,numeral_construction,sg
398,finnish,studied,numeral_construction,sg
399,finnish,studied,numeral_construction,sg
400,finnish,studied,numeral_construction,sg
401,finnish,studied,numeral_construction,sg
402,finnish,studied,numeral_construction,sg
403,finnish,studied,numeral_construction,sg
404,finnish,studied,numeral_construction,sg
405,finnish,studied,numeral_construction,sg
406,finnish,studied,numeral_construction,sg
407,finnish,studied,numeral_construction,sg
408,finnish,studied,numeral_construction,sg
409,finnish,studied,numeral_construction,sg
410,finnish,studied,numeral_construction,sg
411,finnish,studied,numeral_construction,sg
412,finnish,studied,numeral_construction,sg
413,finnish,studied,numeral_construction,sg
414,finnish,studied,numeral_construction,sg
415,finnish,studied,numeral_construction,sg
416,finnish,studied,numeral_construction,sg
417,finnish,studied,numeral_construction,sg
418,finnish,studied,numeral_construction,sg
419,finnish,studied,numeral_construction,sg
420,finnish,studied,numeral_construction,pl
421,finnish,studied,numeral_construction,pl
422,finnish,studied,numeral_construction,pl
423,finnish,studied,numeral_construction,pl
424,finnish,studied,numeral_construction,pl
425,finnish,studied,numeral_construction,pl
426,finnish,studied,numeral_construction,pl
427,finnish,studied,numeral_construction,pl
428,finnish,studied,numeral_construction,pl
429,finnish,studied,numeral_construction,pl
430,finnish,studied,numeral_construction,pl
431,finnish,studied,numeral_construction,pl
432,finnish,studied,numeral_construction,pl
433,finnish,studied,numeral_construction,pl
434,finnish,studied,numeral_construction,pl
435,finnish,studied,numeral_construction,pl
436,finnish,studied,numeral_construction,pl
437,finnish,studied,numeral_construction,pl
438,finnish,studied,numeral_construction,pl
439,finnish,studied,numeral_construction,pl
440,finnish,studied,numeral_construction,pl
441,finnish,studied,numeral_construction,pl
442,finnish,studied,numeral_construction,pl
443,english,studied,numeral_construction,sg
444,english,studied,numeral_construction,sg
445,english,studied,numeral_construction,sg
446,english,studied,numeral_construction,sg
447,english,studied,numeral_construction,sg
448,english,studied,numeral_construction,sg
449,english,studied,numeral_construction,sg
450,english,studied,numeral_construction,sg
451,english,studied,numeral_construction,sg
452,english,studied,numeral_construction,sg
453,english,studied,numeral_construction,sg
454,english,studied,numeral_construction,sg
455,english,studied,numeral_construction,sg
456,english,studied,numeral_construction,sg
457,english,studied,numeral_construction,sg
458,english,studied,numeral_construction,sg
459,english,studied,numeral_construction,sg
460,english,studied,numeral_construction,sg
461,english,studied,numeral_construction,sg
462,english,studied,numeral_construction,sg
463,english,studied,numeral_construction,sg
464,english,studied,numeral_construction,sg
465,english,studied,numeral_construction,sg
466,english,studied,numeral_construction,sg
467,english,studied,numeral_construction,sg
468,english,studied,numeral_construction,sg
469,english,studied,numeral_construction,sg
470,english,studied,numeral_construction,sg
471,english,studied,numeral_construction,sg
472,english,studied,numeral_construction,sg
473,english,studied,numeral_construction,sg
474,english,studied,numeral_construction,sg
475,english,studied,numeral_construction,sg
476,english,studied,numeral_construction,sg
477,english,studied,numeral_construction,sg
478,english,studied,numeral_construction,sg
479,english,studied,numeral_construction,sg
480,english,studied,numeral_construction,sg
481,english,studied,numeral_construction,sg
482,english,studied,numeral_construction,sg
483,english,studied,numeral_construction,sg
484,english,studied,numeral_construction,sg
485,english,studied,numeral_construction,sg
486,english,studied,numeral_construction,sg
487,english,studied,numeral_construction,sg
488,english,studied,numeral_construction,sg
489,english,studied,numeral_construction,sg
490,english,studied,numeral_construction,sg
491,english,studied,numeral_construction,sg
492,english,studied,numeral_construction,sg
493,english,studied,numeral_construction,sg
494,english,studied,numeral_construction,sg
495,english,studied,numeral_construction,sg
496,english,studied,numeral_construction,sg
497,english,studied,numeral_construction,sg
498,english,studied,numeral_construction,sg
499,english,studied,numeral_construction,sg
500,english,studied,numeral_construction,sg
501,english,studied,numeral_construction,sg
502,english,studied,numeral_construction,sg
503,english,studied,numeral_construction,sg
504,english,studied,numeral_construction,sg
505,english,studied,numeral_construction,sg
506,english,studied,numeral_construction,sg
507,english,studied,numeral_construction,sg
508,english,studied,numeral_construction,sg
509,english,studied,numeral_construction,sg
510,english,studied,numeral_construction,sg
511,english,studied,numeral_construction,sg
512,english,studied,numeral_construction,sg
513,english,studied,numeral_construction,sg
514,english,studied,numeral_construction,sg
515,english,studied,numeral_construction,sg
516,english,studied,numeral_construction,sg
517,english,studied,numeral_construction,sg
518,english,studied,numeral_construction,pl
519,english,studied,numeral_construction,pl
520,english,studied,numeral_construction,pl
521,english,studied,numeral_construction,pl
522,english,studied,numeral_construction,pl
523,english,studied,numeral_construction,pl
524,english,studied,numeral_construction,pl
525,english,studied,numeral_construction,pl
526,english,studied,numeral_construction,pl
527,english,studied,numeral_construction,pl
528,english,studied,numeral_construction,pl
529,english,studied,numeral_construction,pl
530,english,studied,numeral_construction,pl
531,finnish,studied,majority,sg
532,finnish,studied,majority,sg
533,finnish,studied,majority,sg
534,finnish,studied,majority,sg
535,finnish,studied,majority,sg
536,finnish,studied,majority,sg
537,finnish,studied,majority,sg
538,finnish,studied,majority,sg
539,finnish,studied,majority,sg
540,finnish,studied,majority,sg
541,finnish,studied,majority,sg
542,finnish,studied,majority,sg
543,finnish,studied,majority,sg
544,finnish,studied,majority,sg
545,finnish,studied,majority,sg
546,finnish,studied,majority,sg
547,finnish,studied,majority,sg
548,finnish,studied,majority,sg
549,finnish,studied,majority,sg
550,finnish,studied,majority,sg
551,finnish,studied,majority,sg
552,finnish,studied,majority,sg
553,finnish,studied,majority,sg
554,finnish,studied,majority,sg
555,finnish,studied,majority,sg
556,finnish,studied,majority,sg
557,finnish,studied,majority,pl
558,finnish,studied,majority,pl
559,finnish,studied,majority,pl
560,finnish,studied,majority,pl
561,finnish,studied,majority,pl
562,finnish,studied,majority,pl
563,finnish,studied,majority,pl
564,finnish,studied,majority,pl
565,finnish,studied,majority,pl
566,finnish,studied,majority,pl
567,finnish,studied,majority,pl
568,finnish,studied,majority,pl
569,finnish,studied,majority,pl
570,english,studied,majority,sg
571,english,studied,majority,sg
572,english,studied,majority,sg
573,english,studied,majority,sg
574,english,studied,majority,sg
575,english,studied,majority,sg
576,english,studied,majority,sg
577,english,studied,majority,sg
578,english,studied,majority,sg
579,english,studied,majority,sg
580,english,studied,majority,sg
581,english,studied,majority,sg
582,english,studied,majority,sg
583,english,studied,majority,sg
584,english,studied,majority,sg
585,english,studied,majority,sg
586,english,studied,majority,sg
587,english,studied,majority,sg
588,english,studied,majority,sg
589,english,studied,majority,sg
590,english,studied,majority,sg
591,english,studied,majority,sg
592,english,studied,majority,sg
593,english,studied,majority,sg
594,english,studied,majority,sg
595,english,studied,majority,sg
596,english,studied,majority,sg
597,english,studied,majority,sg
598,english,studied,majority,sg
599,english,studied,majority,sg
600,english,studied,majority,sg
601,english,studied,majority,sg
602,english,studied,majority,sg
603,english,studied,majority,sg
604,english,studied,majority,sg
605,english,studied,majority,sg
606,english,studied,majority,sg
607,english,studied,majority,sg
608,english,studied,majority,sg
609,english,studied,majority,sg
610,english,studied,majority,sg
611,english,studied,majority,sg
612,english,studied,majority,sg
613,english,studied,majority,sg
614,english,studied,majority,sg
615,english,studied,majority,pl
616,english,studied,majority,pl
617,english,studied,majority,pl
618,english,studied,majority,pl
619,english,studied,majority,pl
620,english,studied,majority,pl
621,english,studied,majority,pl
622,english,studied,majority,pl
623,english,studied,majority,pl
624,english,studied,majority,pl
625,english,studied,majority,pl
626,english,studied,majority,pl
627,english,studied,majority,pl
628,english,studied,majority,pl
629,english,studied,majority,pl
630,english,studied,majority,pl
631,english,studied,majority,pl
632,english,studied,majority,pl
633,english,studied,majority,pl
634,english,studied,majority,pl
635,english,studied,majority,pl
636,english,studied,majority,pl
637,english,studied,majority,pl
638,english,studied,majority,pl
639,english,studied,majority,pl
640,english,studied,majority,pl
641,english,studied,majority,pl
642,english,studied,majority,pl
643,english,studied,majority,pl
644,english,studied,majority,pl
645,english,studied,majority,pl
646,english,studied,majority,pl
647,english,studied,majority,pl
648,english,studied,majority,pl
649,english,studied,majority,pl
650,english,studied,majority,pl
651,english,studied,majority,pl
652,english,studied,majority,pl
653,english,studied,majority,pl
654,english,studied,majority,pl
655,english,studied,majority,pl
656,english,studied,majority,pl
657,english,studied,majority,pl
658,english,studied,majority,pl
659,english,studied,majority,pl
660,english,studied,majority,pl
661,english,studied,majority,pl
662,english,studied,majority,pl
663,english,studied,majority,pl
664,english,studied,majority,pl
665,english,studied,majority,pl
666,english,studied,majority,pl
667,english,studied,majority,pl
668,english,studied,majority,pl
669,english,studied,majority,pl
670,english,studied,majority,pl
671,english,studied,majority,pl
672,english,studied,majority,pl
673,english,studied,majority,pl
674,english,studied,majority,pl
675,english,studied,majority,pl
676,english,studied,majority,pl
677,english,studied,majority,pl
678,english,studied,majority,pl
679,english,studied,majority,pl
680,finnish,studied,percent,sg
681,finnish,studied,percent,sg
682,finnish,studied,percent,sg
683,english,studied,percent,sg
684,english,studied,percent,sg
685,english,studied,percent,sg
686,english,studied,percent,sg
687,english,studied,percent,sg
688,english,studied,percent,sg
689,english,studied,percent,sg
690,english,studied,percent,sg
691,english,studied,percent,sg
692,english,studied,percent,pl
693,english,studied,percent,pl
694,finnish,studied,some,sg
695,finnish,studied,some,sg
696,finnish,studied,some,sg
697,finnish,studied,some,sg
698,finnish,studied,some,sg
699,finnish,studied,some,sg
700,finnish,studied,some,sg
701,finnish,studied,some,sg
702,finnish,studied,some,pl
703,finnish,studied,some,pl
704,finnish,studied,some,pl
705,finnish,studied,some,pl
706,english,studied,some,sg
707,english,studied,some,sg
708,english,studied,some,sg
709,english,studied,some,sg
710,english,studied,some,sg
711,english,studied,some,sg
712,english,studied,some,sg
713,english,studied,some,sg
714,english,studied,some,sg
715,english,studied,some,sg
716,english,studied,some,sg
717,english,studied,some,sg
718,english,studied,some,sg
719,english,studied,some,sg
720,english,studied,some,sg
721,english,studied,some,sg
722,english,studied,some,sg
723,english,studied,some,sg
724,english,studied,some,sg
725,english,studied,some,sg
726,english,studied,some,sg
727,english,studied,some,sg
728,english,studied,some,sg
729,english,studied,some,sg
730,english,studied,some,sg
731,english,studied,some,sg
732,english,studied,some,sg
733,english,studied,some,sg
734,english,studied,some,sg
735,english,studied,some,sg
736,english,studied,some,sg
737,english,studied,some,sg
738,english,studied,some,sg
739,english,studied,some,sg
740,english,studied,some,sg
741,english,studied,some,sg
742,english,studied,some,sg
743,english,studied,some,sg
744,english,studied,some,sg
745,english,studied,some,sg
746,english,studied,some,pl
747,english,studied,some,pl
748,english,studied,some,pl
749,english,studied,some,pl
750,english,studied,some,pl
751,english,studied,some,pl
752,english,studied,some,pl
753,english,studied,some,pl
754,english,studied,some,pl
755,english,studied,some,pl
756,english,studied,some,pl
757,english,studied,some,pl
758,english,studied,some,pl
759,english,studied,some,pl
760,english,studied,some,pl
761,english,studied,some,pl
762,finnish,studied,avg_many_little,sg
763,finnish,studied,avg_many_little,sg
764,finnish,studied,avg_many_little,sg
765,finnish,studied,avg_many_little,sg
766,finnish,studied,avg_many_little,sg
767,finnish,studied,avg_many_little,sg
768,finnish,studied,avg_many_little,sg
769,finnish,studied,avg_many_little,sg
770,finnish,studied,avg_many_little,sg
771,finnish,studied,avg_many_little,sg
772,finnish,studied,avg_many_little,sg
773,finnish,studied,avg_many_little,sg
774,finnish,studied,avg_many_little,sg
775,finnish,studied,avg_many_little,sg
776,finnish,studied,avg_many_little,sg
777,finnish,studied,avg_many_little,sg
778,finnish,studied,avg_many_little,sg
779,finnish,studied,avg_many_little,sg
780,finnish,studied,avg_many_little,sg
781,finnish,studied,avg_many_little,sg
782,finnish,studied,avg_many_little,sg
783,finnish,studied,avg_many_little,sg
784,finnish,studied,avg_many_little,pl
785,finnish,studied,avg_many_little,pl
786,finnish,studied,avg_many_little,pl
787,finnish,studied,avg_many_little,pl
788,finnish,studied,avg_many_little,pl
789,finnish,studied,avg_many_little,pl
790,finnish,studied,avg_many_little,pl
791,finnish,studied,avg_many_little,pl
792,finnish,studied,avg_many_little,pl
793,finnish,studied,avg_many_little,pl
794,finnish,studied,avg_many_little,pl
795,finnish,studied,avg_many_little,pl
796,finnish,studied,avg_many_little,pl
797,finnish,studied,avg_many_little,pl
798,english,studied,avg_many_little,sg
799,english,studied,avg_many_little,sg
800,english,studied,avg_many_little,sg
801,english,studied,avg_many_little,sg
802,english,studied,avg_many_little,sg
803,english,studied,avg_many_little,sg
804,english,studied,avg_many_little,sg
805,english,studied,avg_many_little,sg
806,english,studied,avg_many_little,sg
807,english,studied,avg_many_little,sg
808,english,studied,avg_many_little,sg
809,english,studied,avg_many_little,sg
810,english,studied,avg_many_little,sg
811,english,studied,avg_many_little,sg
812,english,studied,avg_many_little,sg
813,english,studied,avg_many_little,sg
814,english,studied,avg_many_little,sg
815,english,studied,avg_many_little,sg
816,english,studied,avg_many_little,sg
817,english,studied,avg_many_little,sg
818,english,studied,avg_many_little,sg
819,english,studied,avg_many_little,sg
820,english,studied,avg_many_little,sg
821,english,studied,avg_many_little,sg
822,english,studied,avg_many_little,sg
823,english,studied,avg_many_little,sg
824,english,studied,avg_many_little,sg
825,english,studied,avg_many_little,sg
826,english,studied,avg_many_little,sg
827,english,studied,avg_many_little,sg
828,english,studied,avg_many_little,sg
829,english,studied,avg_many_little,sg
830,english,studied,avg_many_little,sg
831,english,studied,avg_many_little,sg
832,english,studied,avg_many_little,sg
833,english,studied,avg_many_little,sg
834,english,studied,avg_many_little,sg
835,english,studied,avg_many_little,sg
836,english,studied,avg_many_little,sg
837,english,studied,avg_many_little,sg
838,english,studied,avg_many_little,sg
839,english,studied,avg_many_little,sg
840,english,studied,avg_many_little,sg
841,english,studied,avg_many_little,sg
842,english,studied,avg_many_little,sg
843,english,studied,avg_many_little,sg
844,english,studied,avg_many_little,sg
845,english,studied,avg_many_little,sg
846,english,studied,avg_many_little,sg
847,english,studied,avg_many_little,sg
848,english,studied,avg_many_little,sg
849,english,studied,avg_many_little,sg
850,english,studied,avg_many_little,sg
851,english,studied,avg_many_little,sg
852,english,studied,avg_many_little,sg
853,english,studied,avg_many_little,sg
854,english,studied,avg_many_little,sg
855,english,studied,avg_many_little,sg
856,english,studied,avg_many_little,sg
857,english,studied,avg_many_little,sg
858,english,studied,avg_many_little,sg
859,english,studied,avg_many_little,sg
860,english,studied,avg_many_little,sg
861,english,studied,avg_many_little,sg
862,english,studied,avg_many_little,sg
863,english,studied,avg_many_little,sg
864,english,studied,avg_many_little,sg
865,english,studied,avg_many_little,sg
866,english,studied,avg_many_little,sg
867,english,studied,avg_many_little,sg
868,english,studied,avg_many_little,sg
869,english,studied,avg_many_little,sg
870,english,studied,avg_many_little,sg
871,english,studied,avg_many_little,sg
872,english,studied,avg_many_little,sg
873,english,studied,avg_many_little,sg
874,english,studied,avg_many_little,sg
875,english,studied,avg_many_little,sg
876,english,studied,avg_many_little,sg
877,english,studied,avg_many_little,sg
878,english,studied,avg_many_little,sg
879,english,studied,avg_many_little,sg
880,english,studied,avg_many_little,pl
881,english,studied,avg_many_little,pl
882,english,studied,avg_many_little,pl
883,english,studied,avg_many_little,pl
884,english,studied,avg_many_little,pl
885,english,studied,avg_many_little,pl
886,english,studied,avg_many_little,pl
887,english,studied,avg_many_little,pl
888,english,studied,avg_many_little,pl
889,english,studied,avg_many_little,pl
890,english,studied,avg_many_little,pl
891,english,studied,avg_many_little,pl
892,english,studied,avg_many_little,pl
893,english,studied,avg_many_little,pl
894,english,studied,avg_many_little,pl
895,english,studied,avg_many_little,pl
896,english,studied,avg_many_little,pl
897,english,studied,avg_many_little,pl
898,english,studied,avg_many_little,pl
899,english,studied,avg_many_little,pl
900,english,studied,avg_many_little,pl
901,english,studied,avg_many_little,pl
902,english,studied,avg_many_little,pl
903,english,studied,avg_many_little,pl
904,english,studied,avg_many_little,pl
905,english,studied,avg_many_little,pl
906,english,studied,avg_many_little,pl
907,english,studied,avg_many_little,pl
908,english,studied,avg_many_little,pl
909,english,studied,avg_many_little,pl
910,english,studied,avg_many_little,pl
911,english,studied,avg_many_little,pl
912,english,studied,avg_many_little,pl
913,english,studied,avg_many_little,pl
914,english,studied,avg_many_little,pl
915,english,studied,avg_many_little,pl
916,english,studied,avg_many_little,pl
917,english,studied,avg_many_little,pl
918,english,studied,avg_many_little,pl
919,english,studied,avg_many_little,pl
920,english,studied,avg_many_little,pl
921,english,studied,avg_many_little,pl
922,english,studied,avg_many_little,pl
923,english,studied,avg_many_little,pl
924,english,studied,avg_many_little,pl
925,english,studied,avg_many_little,pl
926,english,studied,avg_many_little,pl
927,english,studied,avg_many_little,pl
928,english,studied,avg_many_little,pl
929,english,studied,avg_many_little,pl
930,english,studied,avg_many_little,pl
931,english,studied,avg_many_little,pl
932,english,studied,avg_many_little,pl
933,english,studied,avg_many_little,pl
934,english,studied,avg_many_little,pl
935,english,studied,avg_many_little,pl
936,english,studied,avg_many_little,pl
937,english,studied,avg_many_little,pl
938,english,studied,avg_many_little,pl